origem,rodada,grupo,sucessores,vinculo_correto,classificacao_correta,cfem_atribuida_corretamente,fonte_documental,revisor,data_revisao,observacao
820.150/2013,1,paid_without_request,,,,,,,,
820.152/2013,1,paid_without_request,,,,,,,,
820.151/2013,1,paid_without_request,,,,,,,,
833.006/2014,1,passou_a_recolher,830.061/2021,,,,,,,
833.013/2014,1,passou_a_recolher,830.043/2021,,,,,,,
300.205/2018,1,sem_positivo_antes_e_depois,815.018/2021,,,,,,,
821.436/2013,1,sem_positivo_antes_e_depois,820.023/2021,,,,,,,
820.158/2013,1,sem_positivo_antes_e_depois,820.035/2021,,,,,,,
861.076/2013,2,free_unpaid,,,,,,,,
890.683/1993,2,free_unpaid,,,,,,,,
830.055/2016,2,free_unpaid,,,,,,,,
848.006/2014,2,paid_without_request,,,,,,,,
811.023/2016,2,paid_without_request,,,,,,,,
826.875/2011,2,paid_without_request,,,,,,,,
874.747/2011,2,passou_a_recolher,871.091/2021; 872.110/2021,,,,,,,
864.358/2012,2,passou_a_recolher,864.245/2021,,,,,,,
864.094/2017,2,passou_a_recolher,864.464/2021,,,,,,,
815.426/1999,2,recolhia_e_continuou,815.293/2021,,,,,,,
864.046/2004,2,recolhia_e_continuou,864.283/2021,,,,,,,
832.627/2012,2,recolhia_e_continuou,830.859/2021,,,,,,,
868.107/1999,2,sem_positivo_antes_e_depois,868.126/2021,,,,,,,
871.170/2011,2,sem_positivo_antes_e_depois,870.834/2021,,,,,,,
870.844/2011,2,sem_positivo_antes_e_depois,871.100/2021,,,,,,,
815.370/2007,2,sem_positivo_depois,815.267/2021,,,,,,,
866.214/2015,2,sem_positivo_depois,866.675/2021,,,,,,,
811.007/2017,2,sem_positivo_depois,810.484/2021,,,,,,,
834.966/2010,3,paid_without_request,,,,,,,,
820.318/2015,3,paid_without_request,,,,,,,,
886.245/2015,3,paid_without_request,,,,,,,,
300.481/2017,3,passou_a_recolher,861.170/2021,,,,,,,
830.151/1979,3,passou_a_recolher,832.021/2021,,,,,,,
800.759/2010,3,passou_a_recolher,800.603/2021,,,,,,,
874.547/2008,3,recolhia_e_continuou,300.394/2024; 871.677/2021,,,,,,,
831.300/2007,3,recolhia_e_continuou,831.980/2021,,,,,,,
861.143/2009,3,recolhia_e_continuou,861.209/2021,,,,,,,
303.129/2017,3,returned_unpaid,,,,,,,,
300.505/2016,3,returned_unpaid,,,,,,,,
890.897/2014,3,returned_unpaid,,,,,,,,
871.806/2013,3,sem_positivo_antes_e_depois,871.796/2021,,,,,,,
300.429/2018,3,sem_positivo_antes_e_depois,861.246/2021,,,,,,,
848.350/2013,3,sem_positivo_antes_e_depois,848.176/2021,,,,,,,
803.188/2015,3,sem_positivo_depois,803.196/2021,,,,,,,
830.019/2015,3,sem_positivo_depois,832.094/2021,,,,,,,
832.348/2009,3,sem_positivo_depois,832.088/2021,,,,,,,
300.320/2018,3,unknown,,,,,,,,
300.010/2018,4,paid_without_request,,,,,,,,
300.117/2017,4,paid_without_request,,,,,,,,
846.014/2016,4,paid_without_request,,,,,,,,
303.191/2017,4,passou_a_recolher,826.687/2021,,,,,,,
833.452/2012,4,passou_a_recolher,832.887/2021,,,,,,,
896.345/2002,4,passou_a_recolher,896.323/2021,,,,,,,
832.935/2011,4,recolhia_e_continuou,832.750/2021,,,,,,,
300.314/2017,4,returned_unpaid,,,,,,,,
300.726/2019,4,returned_unpaid,,,,,,,,
300.032/2020,4,returned_unpaid,,,,,,,,
300.040/2019,4,sem_positivo_antes_e_depois,815.555/2021,,,,,,,
300.818/2017,4,sem_positivo_antes_e_depois,872.342/2021,,,,,,,
886.004/2015,4,sem_positivo_antes_e_depois,886.342/2021,,,,,,,
896.538/2007,4,sem_positivo_depois,896.312/2021,,,,,,,
806.095/2014,4,sem_positivo_depois,806.161/2021,,,,,,,
890.713/2010,4,sem_positivo_depois,890.235/2021,,,,,,,
866.509/2015,5,paid_without_request,,,,,,,,
806.005/2014,5,paid_without_request,,,,,,,,
806.001/2014,5,paid_without_request,,,,,,,,
830.858/2013,5,passou_a_recolher,831.940/2022,,,,,,,
300.572/2013,5,passou_a_recolher,832.363/2022,,,,,,,
861.478/2015,5,passou_a_recolher,861.104/2022,,,,,,,
815.412/2005,5,recolhia_e_continuou,815.432/2022,,,,,,,
851.224/2012,5,returned_unpaid,,,,,,,,
850.564/2016,5,returned_unpaid,,,,,,,,
880.212/2011,5,returned_unpaid,,,,,,,,
302.500/2015,5,sem_positivo_antes_e_depois,800.641/2022,,,,,,,
300.149/2017,5,sem_positivo_antes_e_depois,832.243/2022,,,,,,,
860.115/2012,5,sem_positivo_antes_e_depois,861.116/2022,,,,,,,
831.377/1998,5,sem_positivo_depois,832.374/2022,,,,,,,
886.444/2007,5,sem_positivo_depois,886.233/2022,,,,,,,
862.697/2008,5,sem_positivo_depois,861.039/2022,,,,,,,
861.434/2012,8,paid_without_request,,,,,,,,
848.294/2016,8,paid_without_request,848.365/2024,,,,,,,
896.872/2006,8,paid_without_request,,,,,,,,
815.658/2005,8,passou_a_recolher,815.332/2024,,,,,,,
840.133/2014,8,passou_a_recolher,840.340/2024,,,,,,,
811.409/2016,8,passou_a_recolher,810.893/2024,,,,,,,
833.112/2011,8,recolhia_e_continuou,832.300/2024,,,,,,,
860.511/2019,8,returned_unpaid,,,,,,,,
890.177/1988,8,returned_unpaid,,,,,,,,
830.034/2019,8,returned_unpaid,,,,,,,,
800.003/2016,8,sem_positivo_antes_e_depois,800.624/2024,,,,,,,
803.411/2009,8,sem_positivo_antes_e_depois,803.400/2024,,,,,,,
850.442/2006,8,sem_positivo_antes_e_depois,850.743/2024,,,,,,,
846.010/2011,8,sem_positivo_depois,846.330/2024,,,,,,,
833.822/2004,8,sem_positivo_depois,832.662/2024,,,,,,,
831.582/2005,8,sem_positivo_depois,832.502/2024,,,,,,,
