modalidade;substancia;unidade;UF_extracao_declarada;municipio_extracao_declarado;quantidade_comercializada_declarada
Comercial;AREIA;t;TO;ARAGUAÍNA;285716277,82085
Comercial;ARGILA;t;SP;RIO CLARO;505967,38
Comercial;MINÉRIO DE ZIRCÔNIO;kg;TO;JAÚ DO TOCANTINS;349730
Comercial;OURO;kg;MT;POCONÉ;174536,47
Comercial;ZIRCONITA;kg;TO;PALMEIRÓPOLIS;137560
Comercial;AREIA;t;PB;SÃO MIGUEL DE TAIPU;98169,79
Comercial;AREIA;t;PR;LAPA;91378,77
Comercial;SAIBRO;t;RS;SANTO ANTÔNIO DA PATRULHA;85250,04
Comercial;QUARTZITO;m3;BA;JAGUARARI;81147,07
Comercial;MÁRMORE;t;MG;SETE LAGOAS;72764
Comercial;AREIA;t;PR;SÃO JOSÉ DOS PINHAIS;72592,56
Comercial;MINÉRIO DE ZIRCÔNIO;t;TO;JAÚ DO TOCANTINS;60000
Comercial;AREIA;t;PR;BOCAIÚVA DO SUL;56352,2
Comercial;AREIA;t;GO;MONTES CLAROS DE GOIÁS;49243,95
Comercial;ARGILA;t;BA;CRUZ DAS ALMAS;47371,36
Comercial;GNAISSE;t;GO;SANTA TEREZA DE GOIÁS;45032,49
Comercial;AREIA;t;RN;SÃO GONÇALO DO AMARANTE;43097,02
Comercial;MINÉRIO DE FERRO;t;PA;PARAUAPEBAS;34014,04
Comercial;AREIA;t;MG;LAGOA DA PRATA;32940,27
Comercial;SAIBRO;t;SC;ILHOTA;29162,25
Comercial;AREIA;t;GO;IVOLÂNDIA;25727,2
Comercial;AREIA;t;MG;ITAJUBÁ;24894,68
Comercial;AREIA;t;GO;CAIAPÔNIA;23956,62
Comercial;AREIA;t;PR;GUAÍRA;22245,98
Comercial;AREIA;t;GO;IACIARA;17289,68
Comercial;AREIA;t;GO;MOSSÂMEDES;17073,03
Comercial;OURO;kg;MT;APIACÁS;17034,05
Comercial;AREIA;t;GO;PALESTINA DE GOIÁS;16774,34
Comercial;AREIA;t;CE;ICÓ;16366,74
Comercial;AREIA;t;GO;SANCLERLÂNDIA;15864,76
Comercial;ARGILA;m3;PE;IPOJUCA;15762,23
Comercial;OURO;g;MT;APIACÁS;12702,85
Comercial;CALCÁRIO;t;MG;FORTALEZA DE MINAS;12261,58
Comercial;AREIA;t;RN;IELMO MARINHO;11250
Comercial;QUARTZITO;t;PR;CAMPO LARGO;11234,96
Comercial;MINÉRIO DE MANGANÊS;t;TO;SANDOLÂNDIA;11083,29
Comercial;AREIA;t;TO;ARRAIAS;10452,79
Comercial;QUARTZITO;m3;PR;CAMPO LARGO;10000
Comercial;AREIA;t;SP;GUATAPARÁ;9457,74
Comercial;OURO;kg;GO;SANTA TEREZINHA DE GOIÁS;9276,29
Comercial;CONCHAS CALCÁRIAS;t;SC;JAGUARUNA;8990,51
Comercial;AREIA;t;MG;GRÃO MOGOL;7833,41
Comercial;AREIA;t;MG;CORINTO;7812,58362
Comercial;AREIA;t;MG;CATAGUASES;7020
Comercial;AREIA;t;MG;CÁSSIA;5725,21
Comercial;AREIA;t;ES;COLATINA;5720,89
Comercial;ARGILA;t;BA;ANAGÉ;5660
Comercial;AREIA;t;MG;LEOPOLDINA;5464,8
Comercial;AREIA;t;MG;ÁGUA COMPRIDA;4802,8
Comercial;AREIA;t;SC;BOTUVERÁ;4469,75
Comercial;BASALTO;t;RS;DAVID CANABARRO;4344,5
Comercial;AREIA;t;GO;ÁGUA LIMPA;3967
Comercial;AREIA;t;MG;PIRANGUINHO;3890,48
Comercial;BASALTO;t;PR;JAGUARIAÍVA;3838,07
Comercial;BASALTO;m3;RS;DAVID CANABARRO;3607,16
Comercial;AREIA;t;GO;BURITI ALEGRE;3436
Comercial;AREIA;t;MG;SÃO SEBASTIÃO DO RIO VERDE;3250
Comercial;AREIA;t;MG;OLIVEIRA;3197
Comercial;ARGILA;t;SC;MORRO DA FUMAÇA;3175
Comercial;QUARTZITO;t;BA;BOQUIRA;3112,17
Comercial;CALCÁRIO;t;PR;RIO BRANCO DO SUL;3000
Comercial;AREIA;t;SC;MORRO DA FUMAÇA;2943,93
Comercial;AREIA;t;GO;ISRAELÂNDIA;2179
Comercial;GRANITO;m3;ES;RIO NOVO DO SUL;1876,25
Comercial;BASALTO;t;RS;GARIBALDI;1864,15
Comercial;QUARTZITO;m3;CE;SANTANA DO ACARAÚ;1818,79
Comercial;AREIA;t;SC;ARARANGUÁ;1760
Comercial;QUARTZITO;m3;BA;ANTÔNIO GONÇALVES;1604,29
Comercial;CASSITERITA;kg;RO;ARIQUEMES;1564
Comercial;AREIA;t;GO;ARAGUAPAZ;1498
Comercial;GRANITO;t;ES;RIO NOVO DO SUL;1472,45
Comercial;PEGMATITO;t;CE;ICÓ;1353,36
Comercial;AREIA;t;GO;MONTE ALEGRE DE GOIÁS;1350
Comercial;QUARTZITO;t;BA;ANTÔNIO GONÇALVES;1314,53
Comercial;AREIA;t;GO;SANTA CRUZ DE GOIÁS;1300
Comercial;AREIA;t;GO;CRISTALINA;1136,1
Comercial;GNAISSE;m3;RJ;ITAPERUNA;981,46
Comercial;ARGILA;t;PE;IPOJUCA;952
Comercial;QUARTZO;t;BA;NOVO HORIZONTE;948
Comercial;GNAISSE;m3;RJ;PORCIÚNCULA;757,53
Comercial;QUARTZITO;m3;MG;SALINAS;747,93
Comercial;QUARTZO;t;MG;OLIVEIRA;711
Comercial;QUARTZITO;m3;BA;MIRANGABA;701,32
Comercial;ARGILA;t;SC;ORLEANS;685
Comercial;AREIA;t;ES;ITAPEMIRIM;660
Comercial;OURO;kg;MG;SANTA CRUZ DO ESCALVADO;590
Comercial;AREIA;t;MG;MONTE BELO;534,6
Comercial;GRANITO;m3;ES;MUNIZ FREIRE;443,49
Comercial;QUARTZITO;t;SE;MACAMBIRA;426,51
Comercial;GRANITO;t;SP;INDAIATUBA;413
Comercial;TALCO;t;PR;CASTRO;352,63
Comercial;QUARTZITO;t;CE;GRANJA;349,27
Comercial;ARGILA;t;PR;SÃO JOSÉ DOS PINHAIS;338
Comercial;OURO;g;MG;SANTA CRUZ DO ESCALVADO;274,5
Comercial;PEGMATITO;m3;CE;ICÓ;248,98
Comercial;AREIA;t;SC;GUABIRUBA;240
Comercial;GRANITO;m3;SP;INDAIATUBA;234
Comercial;QUARTZITO;t;BA;PINDOBAÇU;187,58
Comercial;QUARTZITO;m3;BA;CAMPO FORMOSO;167,97
Comercial;QUARTZITO;t;SE;CAMPO DO BRITO;144,83
Comercial;AREIA;t;MG;LEME DO PRADO;144
Comercial;QUARTZITO;t;BA;JAGUARARI;144
Comercial;GRANITO;t;RN;TENENTE ANANIAS;111,39
Comercial;AREIA;t;MG;POUSO ALTO;100
Comercial;QUARTZITO;m3;BA;PARAMIRIM;78,14
Comercial;MINÉRIO DE FERRO;t;CE;ICÓ;64,01
Comercial;QUARTZO;m3;MG;SALINAS;63
Comercial;QUARTZO;m3;BA;CAMPO FORMOSO;48,83
Comercial;QUARTZITO;t;BA;CAETANOS;47,04
Comercial;AREIA;t;MG;LUMINÁRIAS;30
Comercial;ARGILA;t;MG;CABO VERDE;29,01
Comercial;FELDSPATO;t;MG;DIVINO DAS LARANJEIRAS;26,59
Comercial;AREIA;t;MG;MONTE SIÃO;22,5
Comercial;AREIA;t;MG;CABO VERDE;20
Comercial;OURO;kg;SC;ILHOTA;19,1
Comercial;AREIA;t;MT;PONTES E LACERDA;18
Comercial;OURO;kg;MG;SEM-PEIXE;16,53
Comercial;FELDSPATO;m3;MG;DIVINO DAS LARANJEIRAS;12,46
Comercial;QUARTZITO;t;CE;MILHÃ;6,82
Comercial;OURO;g;MG;SEM-PEIXE;1,23
Comercial;OURO;kg;MG;RIO CASCA;1,22
Comercial;AREIA;t;MG;LEANDRO FERREIRA;0,135
Comercial;AREIA;t;MG;AUGUSTO DE LIMA;0,086
Comercial;MINÉRIO DE MANGANÊS;t;TO;PARANÃ;0,001
Social;OURO;g;PA;ITAITUBA;122295,24
Social;CASSITERITA;t;PA;SÃO FÉLIX DO XINGU;84807
Social;OURO;g;MT;MATUPÁ;46279,33
Social;OURO;g;MT;NOVO MUNDO;44159,57
Social;OURO;g;MT;PEIXOTO DE AZEVEDO;25223,17
Social;OURO;g;MT;ALTA FLORESTA;23599,4
Social;OURO;g;MT;NOVA CANAÃ DO NORTE;20803,15
Social;OURO;g;MT;NOSSA SENHORA DO LIVRAMENTO;12768,47
Social;TOPÁZIO;g;RO;CAMPO NOVO DE RONDÔNIA;6693
Social;CASSITERITA;t;RO;CAMPO NOVO DE RONDÔNIA;2,69
